Type,Exp,Level up,Level
Sold4,14822,9400,4
Sold4,14822,9400,4
Druid4,19275,9400,4
Druid4,19275,9400,4
Sold4,13249,9400,4
Sold4,13249,9400,4
Sold4,13249,9400,4
Sold4,13249,9400,4
Sold4,13249,9400,4
Sold4,13249,9400,4
Sold4,13249,9400,4
Sold4,13249,9400,4
Druid4,17525,9400,4
Sold4,10917,9400,4
Sold4,10917,9400,4
Sold4,10917,9400,4
Sold4,10917,9400,4
Sold4,10917,9400,4
Sold4,10917,9400,4
Sold4,10917,9400,4
Sold4,10917,9400,4
Sold4,10917,9400,4
Sold4,10917,9400,4
Sold4,10917,9400,4
Sold4,10917,9400,4
Sold4,10917,9400,4
Sold4,10917,9400,4
Sold4,10917,9400,4
Sold4,10917,9400,4
Sold4,10917,9400,4
Sold4,10917,9400,4
Sold4,10917,9400,4
Sold4,10917,9400,4
Sold4,10917,9400,4
Sold4,10917,9400,4
Sold4,10917,9400,4
Sold4,10917,9400,4
Sold4,10917,9400,4
Sold4,10917,9400,4
Sold4,10917,9400,4
Sold4,10917,9400,4
Sold4,10917,9400,4
Druid4,15802,9400,4
Sold4,10917,9400,4
Sold4,10917,9400,4
Sold4,10917,9400,4
Sold4,10917,9400,4
Sold4,10917,9400,4
Sold4,10917,9400,4
Sold4,10917,9400,4
Sold4,10917,9400,4
Sold4,10917,9400,4
Sold4,10917,9400,4
Sold4,10917,9400,4
Sold4,10917,9400,4
Sold4,10917,9400,4
Sold4,10917,9400,4
Sold4,10917,9400,4
Sold4,10130,9400,4
Sold4,10130,9400,4
Sold4,10130,9400,4
Sold4,10130,9400,4
Sold4,10130,9400,4
Sold4,10130,9400,4
Sold4,10130,9400,4
Sold4,10130,9400,4
Sold4,10130,9400,4
Sold4,10130,9400,4
Sold4,10130,9400,4
Sold4,10130,9400,4
Sold4,10130,9400,4
Sold4,10130,9400,4
Sold4,10130,9400,4
Sold4,10130,9400,4
Sold4,10130,9400,4
Sold4,10130,9400,4
Sold4,10130,9400,4
Sold4,10130,9400,4
Sold4,10130,9400,4
Sold4,10130,9400,4
Sold4,10130,9400,4
Sold4,10130,9400,4
Sold4,10130,9400,4
Sold4,10130,9400,4
Sold4,10130,9400,4
Sold4,10130,9400,4
Sold4,10130,9400,4
Sold4,10130,9400,4
Druid4,14829,9400,4
Druid4,14829,9400,4
Druid4,14829,9400,4
Sold4,10130,9400,4
Sold4,10130,9400,4
Sold4,10130,9400,4
Sold4,10130,9400,4
Sold4,10130,9400,4
Sold4,10130,9400,4
Sold4,10130,9400,4
Sold4,10130,9400,4
Sold4,10130,9400,4
Sold4,10130,9400,4
Sold4,10130,9400,4
Sold4,10130,9400,4
Sold4,10130,9400,4
Sold4,10130,9400,4
Sold4,10130,9400,4
Sold4,10130,9400,4
Sold4,10130,9400,4
Sold4,10130,9400,4
Druid4,14529,9400,4
Druid4,14529,9400,4
Druid4,14529,9400,4
Sold4,10130,9400,4
Sold4,10130,9400,4
Sold4,10130,9400,4
Sold4,10130,9400,4
Sold4,10130,9400,4
Sold4,10130,9400,4
Sold4,10130,9400,4
Sold4,10130,9400,4
Sold4,10130,9400,4
Sold4,10130,9400,4
Sold4,10130,9400,4
Sold4,10130,9400,4
Sold4,10130,9400,4
Sold4,9513,9400,4
Sold4,9513,9400,4
Sold4,9513,9400,4
Sold4,9513,9400,4
Sold4,9513,9400,4
Sold4,9513,9400,4
Sold4,9513,9400,4
Sold4,9513,9400,4
Sold4,9513,9400,4
Sold4,9513,9400,4
Sold4,9513,9400,4
Sold4,9513,9400,4
Sold4,9513,9400,4
Sold4,9513,9400,4
Sold4,9513,9400,4
Sold4,9513,9400,4
Sold4,9513,9400,4
Sold4,9513,9400,4
Sold4,9513,9400,4
Sold4,9513,9400,4
Sold4,9513,9400,4
Sold4,9513,9400,4
Sold4,9513,9400,4
Sold4,9513,9400,4
Sold4,9513,9400,4
Sold4,9513,9400,4
Sold4,9513,9400,4
Sold4,9513,9400,4
Sold4,9513,9400,4
Sold4,9513,9400,4
Sold4,9513,9400,4
Sold4,9513,9400,4
Sold4,9513,9400,4
Sold4,9513,9400,4
Sold4,9513,9400,4
Sold4,9513,9400,4
Sold4,9513,9400,4
Sold4,9513,9400,4
Sold4,9513,9400,4
Sold4,9513,9400,4
Sold4,9513,9400,4
Sold4,9513,9400,4
Sold4,9513,9400,4
Sold4,9513,9400,4
Sold4,9513,9400,4
Sold4,9513,9400,4
Sold4,9513,9400,4
Sold4,9513,9400,4
Sold4,9513,9400,4
Sold4,9513,9400,4
Sold4,9513,9400,4
Sold4,9513,9400,4
Sold4,9513,9400,4
Sold4,9513,9400,4
Sold4,9513,9400,4
Sold4,9513,9400,4
Sold4,9513,9400,4
Sold4,9513,9400,4
Sold4,9513,9400,4
Sold4,9513,9400,4
Sold4,9513,9400,4
Sold4,9513,9400,4
Sold4,9513,9400,4
Sold4,9513,9400,4
Sold4,9513,9400,4
Sold4,9513,9400,4
Sold4,9513,9400,4
Sold4,9513,9400,4
Sold4,9513,9400,4
Sold4,9513,9400,4
Sold4,9513,9400,4
Sold4,9513,9400,4
Sold4,9513,9400,4
Sold4,9513,9400,4
Sold4,9513,9400,4
Sold4,9513,9400,4
Sold4,9513,9400,4
Sold4,9513,9400,4
Sold4,9513,9400,4
Sold4,9513,9400,4
Sold4,9513,9400,4
Sold4,9513,9400,4
Sold4,9513,9400,4
Sold4,9513,9400,4
Sold4,9513,9400,4
Sold4,9513,9400,4
Sold4,9513,9400,4
Sold4,9513,9400,4
Sold4,9513,9400,4
Sold4,9513,9400,4
Sold4,9513,9400,4
Sold4,8914,9400,4
Sold4,8914,9400,4
Sold4,8914,9400,4
Sold4,8914,9400,4
Sold4,8914,9400,4
Sold4,8914,9400,4
Sold4,8914,9400,4
Sold4,8914,9400,4
Sold4,8914,9400,4
Sold4,8914,9400,4
Sold4,8914,9400,4
Sold4,8914,9400,4
Sold4,8914,9400,4
Sold4,8914,9400,4
Sold4,8914,9400,4
Sold4,8914,9400,4
Sold4,8914,9400,4
Sold4,8914,9400,4
Sold4,8914,9400,4
Sold4,8914,9400,4
Sold4,8914,9400,4
Sold4,8914,9400,4
Sold4,8914,9400,4
Sold4,8914,9400,4
Sold4,8914,9400,4
Sold4,8914,9400,4
Sold4,8914,9400,4
Druid4,13097,9400,4
Sold4,8914,9400,4
Sold4,8914,9400,4
Sold4,8914,9400,4
Sold4,8914,9400,4
Sold4,8914,9400,4
Sold4,8914,9400,4
Sold4,8914,9400,4
Sold4,8914,9400,4
Sold4,8914,9400,4
Sold4,8914,9400,4
Sold4,8914,9400,4
Sold4,8914,9400,4
Sold4,8914,9400,4
Sold4,6458,9400,4
Sold4,6458,9400,4
Sold4,6458,9400,4
Sold4,6458,9400,4
Sold4,6458,9400,4
Sold4,6458,9400,4
Sold4,6458,9400,4
Sold4,6458,9400,4
Sold4,6458,9400,4
Sold4,6458,9400,4
Sold4,6458,9400,4
Sold4,6458,9400,4
Sold4,6458,9400,4
Sold4,6458,9400,4
Sold4,6458,9400,4
Sold4,6458,9400,4
Sold4,6458,9400,4
Sold4,6458,9400,4
Sold4,6458,9400,4
Sold4,6458,9400,4
Sold4,6458,9400,4
Sold4,6458,9400,4
Sold4,6458,9400,4
Sold4,6458,9400,4
Sold4,6458,9400,4
Sold4,6458,9400,4
Sold4,6458,9400,4
Sold4,6458,9400,4
Sold4,6458,9400,4
Sold4,6458,9400,4
Sold4,6458,9400,4
Sold4,6458,9400,4
Sold4,6458,9400,4
Sold4,6458,9400,4
Sold4,6458,9400,4
Sold4,6458,9400,4
Sold4,6458,9400,4
Sold4,6458,9400,4
Sold4,6458,9400,4
Sold4,6458,9400,4
Sold4,6458,9400,4
Sold4,6458,9400,4
Sold4,6458,9400,4
Sold4,6458,9400,4
Sold4,6458,9400,4
Sold4,6458,9400,4
Sold4,6458,9400,4
Sold4,6458,9400,4
Sold4,6458,9400,4
Sold4,6458,9400,4
Sold4,6458,9400,4
Sold4,6458,9400,4
Sold4,6458,9400,4
Sold4,6458,9400,4
Sold4,6458,9400,4
Sold4,6458,9400,4
Sold4,6458,9400,4
Sold4,6458,9400,4
Sold4,6458,9400,4
Sold4,6458,9400,4
Sold4,6458,9400,4
Sold4,6458,9400,4
Sold4,6458,9400,4
Sold4,6458,9400,4
Sold4,6458,9400,4
Sold4,6458,9400,4
Sold4,6458,9400,4
Sold4,6458,9400,4
Sold4,6458,9400,4
Sold4,6458,9400,4
Sold4,6458,9400,4
Sold4,6458,9400,4
Sold4,6458,9400,4
Sold4,6458,9400,4
Sold4,6458,9400,4
Sold4,6458,9400,4
Sold4,6458,9400,4
Sold4,6458,9400,4
Sold4,6458,9400,4
Sold4,6458,9400,4
Sold4,6458,9400,4
Sold4,6458,9400,4
Sold4,6458,9400,4
Sold4,6458,9400,4
Sold4,6458,9400,4
Sold4,6458,9400,4
Sold4,6458,9400,4
Sold4,6458,9400,4
Sold4,6458,9400,4
Sold4,6458,9400,4
Sold4,6458,9400,4
Sold4,6458,9400,4
Sold4,6458,9400,4
Sold4,6458,9400,4
Sold4,6458,9400,4
Sold4,6458,9400,4
Sold4,6458,9400,4
Sold4,6458,9400,4
Sold4,6458,9400,4
Sold4,6458,9400,4
Sold4,6458,9400,4
Sold4,6458,9400,4
Sold4,6458,9400,4
Sold4,6458,9400,4
Sold4,6458,9400,4
Sold4,6458,9400,4
Sold4,6458,9400,4
Sold4,6458,9400,4
Sold4,6458,9400,4
Sold4,6458,9400,4
Sold4,6458,9400,4
Sold4,6458,9400,4
Sold4,6458,9400,4
Sold4,6458,9400,4
Sold4,6458,9400,4
Sold4,6458,9400,4
Sold4,6458,9400,4
Sold4,6458,9400,4
Sold4,6458,9400,4
Sold4,6458,9400,4
Sold4,6458,9400,4
Sold4,6458,9400,4
Sold4,6458,9400,4
Sold4,6458,9400,4
Sold4,6458,9400,4
Sold4,6458,9400,4
Sold4,6458,9400,4
Sold4,6458,9400,4
Sold4,6458,9400,4
Sold4,6458,9400,4
Sold4,6458,9400,4
Sold4,6458,9400,4
Sold4,6458,9400,4
Sold4,6458,9400,4
Sold4,6458,9400,4
Sold4,6458,9400,4
Sold4,6458,9400,4
Sold4,6458,9400,4
Sold4,6458,9400,4
Sold4,6458,9400,4
Sold4,6458,9400,4
Sold4,6458,9400,4
Sold4,6458,9400,4
Sold4,6458,9400,4
Sold4,6458,9400,4
Sold4,6458,9400,4
Sold4,6458,9400,4
Sold4,6458,9400,4
Sold4,6458,9400,4
Sold4,6458,9400,4
Sold4,6458,9400,4
Sold4,6458,9400,4
Sold4,6458,9400,4
Sold4,6458,9400,4
Sold4,6458,9400,4
Sold4,6458,9400,4
Sold4,6458,9400,4
Sold4,6458,9400,4
Sold4,6458,9400,4
Sold4,6458,9400,4
Sold4,6458,9400,4
Sold4,6458,9400,4
Sold4,6458,9400,4
Sold4,6458,9400,4
Sold4,6458,9400,4
Sold4,6458,9400,4
Sold4,6458,9400,4
Sold4,6458,9400,4
Sold4,6458,9400,4
Sold4,6458,9400,4
Sold4,6458,9400,4
Sold4,6458,9400,4
Sold4,6458,9400,4
Sold4,6458,9400,4
Sold4,6458,9400,4
Sold4,6458,9400,4
Sold4,6458,9400,4
Sold4,6458,9400,4
Sold4,6458,9400,4
Sold4,6458,9400,4
Sold4,6458,9400,4
Sold4,6458,9400,4
Sold4,6458,9400,4
Sold4,6458,9400,4
Sold4,6458,9400,4
Sold4,6458,9400,4
Sold4,6458,9400,4
Sold4,6458,9400,4
Sold4,6458,9400,4
Sold4,6458,9400,4
Sold4,6458,9400,4
Sold4,6458,9400,4
Sold4,6458,9400,4
Sold4,6458,9400,4
Sold4,6458,9400,4
Sold4,6458,9400,4
Sold4,6458,9400,4
Sold4,6458,9400,4
Sold4,6458,9400,4
Sold4,6458,9400,4
Sold4,6458,9400,4
Sold4,6458,9400,4
Sold4,6458,9400,4
Sold4,6458,9400,4
Sold4,6458,9400,4
Sold4,6458,9400,4
Sold4,6458,9400,4
Sold4,6458,9400,4
Sold4,6458,9400,4
Sold4,6458,9400,4
Sold4,6458,9400,4
Sold4,6458,9400,4
Sold4,6458,9400,4
Sold4,6458,9400,4
Sold4,6458,9400,4
Sold4,6458,9400,4
Sold4,6458,9400,4
Sold4,6458,9400,4
Sold4,6458,9400,4
Sold4,6458,9400,4
Sold4,6458,9400,4
Sold4,6458,9400,4
Sold4,6458,9400,4
Sold4,6458,9400,4
Sold4,6458,9400,4
Sold4,6458,9400,4
Sold4,6458,9400,4
Sold4,6458,9400,4
Sold4,6458,9400,4
Sold4,6458,9400,4
Sold4,6458,9400,4
Sold4,6458,9400,4
Sold4,6458,9400,4
Sold4,6458,9400,4
Sold4,6458,9400,4
Sold4,6458,9400,4
Sold4,6458,9400,4
Sold4,6458,9400,4
Sold4,6458,9400,4
Sold4,6458,9400,4
Sold4,6458,9400,4
Sold4,6458,9400,4
Sold4,6458,9400,4
Sold4,6458,9400,4
Sold4,6458,9400,4
Sold4,6458,9400,4
Sold4,6458,9400,4
Sold4,6458,9400,4
Sold4,6458,9400,4
Sold4,6458,9400,4
Sold4,6458,9400,4
Sold4,6458,9400,4
Sold4,6458,9400,4
Sold4,6458,9400,4
Sold4,6458,9400,4
Sold4,6458,9400,4
Sold4,6458,9400,4
Sold4,6458,9400,4
Sold4,6458,9400,4
Sold4,6458,9400,4
Sold4,6458,9400,4
Sold4,6458,9400,4
Sold4,6458,9400,4
Sold4,6458,9400,4
Sold4,6458,9400,4
Sold4,6458,9400,4
Sold4,6458,9400,4
Sold4,6458,9400,4
Sold4,6458,9400,4
Sold4,6458,9400,4
Sold4,6458,9400,4
Sold4,6458,9400,4
Sold4,6458,9400,4
Sold4,6458,9400,4
Sold4,6458,9400,4
Sold4,6458,9400,4
Sold4,6458,9400,4
Sold4,6458,9400,4
Sold4,6458,9400,4
Sold4,6458,9400,4
Sold4,6458,9400,4
Sold4,6458,9400,4
Sold4,6458,9400,4
Sold4,6458,9400,4
Sold4,6458,9400,4
Sold4,6458,9400,4
Sold4,6458,9400,4
Sold4,6458,9400,4
Sold4,6458,9400,4
Sold4,6458,9400,4
Sold4,6458,9400,4
Sold4,6458,9400,4
Sold4,6458,9400,4
Sold4,6458,9400,4
Sold4,6458,9400,4
Sold4,6458,9400,4
Sold4,6458,9400,4
Sold4,6458,9400,4
Sold4,6458,9400,4
Sold4,6458,9400,4
Sold4,6458,9400,4
Sold4,6458,9400,4
Sold4,6458,9400,4
Sold4,6458,9400,4
Sold4,6458,9400,4
Sold4,6458,9400,4
Sold4,6458,9400,4
Sold4,6458,9400,4
Sold4,6458,9400,4
Sold4,6458,9400,4
Sold4,6458,9400,4
Sold4,6458,9400,4
Sold4,6458,9400,4
Sold4,6458,9400,4
Sold4,6458,9400,4
Sold4,6458,9400,4
Sold4,6458,9400,4
Sold4,6458,9400,4
Sold4,6458,9400,4
Sold4,6458,9400,4
Sold4,6458,9400,4
Sold4,6458,9400,4
Sold4,6458,9400,4
Sold4,6458,9400,4
Sold4,6458,9400,4
Sold4,6458,9400,4
Sold4,6458,9400,4
Sold4,6458,9400,4
Sold4,6458,9400,4
Sold4,6458,9400,4
Sold4,6458,9400,4
Sold4,6458,9400,4
Sold4,6458,9400,4
Sold4,6458,9400,4
Sold4,6458,9400,4
Sold4,6458,9400,4
Sold4,6458,9400,4
Sold4,6458,9400,4
Sold4,6458,9400,4
Sold4,6458,9400,4
Sold4,6458,9400,4
Sold4,6458,9400,4
Sold4,6458,9400,4
Sold4,6458,9400,4
Sold4,6458,9400,4
Sold4,6458,9400,4
Sold4,6458,9400,4
Sold4,6458,9400,4
Sold4,6458,9400,4
Sold4,6458,9400,4
Sold4,6458,9400,4
Sold4,6458,9400,4
Sold4,6458,9400,4
Sold4,6458,9400,4
Sold4,6458,9400,4
Sold4,6458,9400,4
Sold4,6458,9400,4
Sold4,6458,9400,4
Sold4,6458,9400,4
Sold4,6458,9400,4
Sold4,6458,9400,4
Sold4,6458,9400,4
Sold4,6458,9400,4
Sold4,6458,9400,4
Sold4,6458,9400,4
Sold4,6458,9400,4
Sold4,6458,9400,4
Sold4,6458,9400,4
Sold4,6458,9400,4
Sold4,6458,9400,4
Sold4,6458,9400,4
Sold4,6458,9400,4
Sold4,6458,9400,4
Sold4,6458,9400,4
Sold4,6458,9400,4
Sold4,6458,9400,4
Sold4,6458,9400,4
Sold4,6458,9400,4
Sold4,6458,9400,4
Sold4,6458,9400,4
Sold4,6458,9400,4
Sold4,6458,9400,4
Sold4,6458,9400,4
Sold4,6458,9400,4
Sold4,6458,9400,4
Sold4,6458,9400,4
Sold4,6458,9400,4
Sold4,6458,9400,4
Sold4,6458,9400,4
Sold4,6458,9400,4
Sold4,6458,9400,4
Sold4,6458,9400,4
Sold4,6458,9400,4
Sold4,6458,9400,4
Sold4,6458,9400,4
Sold4,6458,9400,4
Sold4,6458,9400,4
Sold4,6458,9400,4
Sold4,6458,9400,4
Sold4,6458,9400,4
Sold4,6458,9400,4
Sold4,6458,9400,4
Sold4,6458,9400,4
Sold4,6458,9400,4
Sold4,6458,9400,4
Sold4,6458,9400,4
Sold4,6458,9400,4
Sold4,6458,9400,4
Sold4,6458,9400,4
Sold4,6458,9400,4
Sold4,6458,9400,4
Sold4,6458,9400,4
Sold4,6458,9400,4
Sold4,6458,9400,4
Sold4,6458,9400,4
Sold4,6458,9400,4
Sold4,6458,9400,4
Sold4,6458,9400,4
Sold4,6458,9400,4
Sold4,6458,9400,4
Sold4,6458,9400,4
Sold4,6458,9400,4
Sold4,6458,9400,4
Sold4,6458,9400,4
Sold4,6458,9400,4
Sold4,6458,9400,4
Sold4,6458,9400,4
Sold4,6458,9400,4
Sold4,6458,9400,4
Sold4,6458,9400,4
Sold4,6458,9400,4
Sold4,6458,9400,4
Sold4,6458,9400,4
Sold4,6458,9400,4
Sold4,6458,9400,4
Sold4,6458,9400,4
Sold4,6458,9400,4
Sold4,6458,9400,4
Sold4,6458,9400,4
Druid4,9329,9400,4
Druid4,9329,9400,4
Druid4,9329,9400,4
Druid4,9329,9400,4
Sold4,6458,9400,4
Sold4,6458,9400,4
Sold4,6458,9400,4
Sold4,6458,9400,4
Sold4,6458,9400,4
Sold4,6458,9400,4
Sold4,6458,9400,4
Sold4,6458,9400,4
Sold4,6458,9400,4
Sold4,6458,9400,4
Sold4,6458,9400,4
Sold4,6458,9400,4
Sold4,6458,9400,4
Sold4,6458,9400,4
Sold4,6458,9400,4
Sold4,6458,9400,4
Sold4,6458,9400,4
Sold4,6458,9400,4
Sold4,6458,9400,4
Sold4,6458,9400,4
Sold4,6458,9400,4
Sold4,6458,9400,4
Sold4,6458,9400,4
Sold4,6458,9400,4
Sold4,6458,9400,4
Sold4,6458,9400,4
Sold4,6458,9400,4
Sold4,6458,9400,4
Sold4,6458,9400,4
Sold4,6458,9400,4
Sold4,6458,9400,4
Sold4,6458,9400,4
Sold4,6458,9400,4
Sold4,6458,9400,4
Sold4,6458,9400,4
Sold4,6458,9400,4
Sold4,6458,9400,4
Sold4,6458,9400,4
Sold4,6458,9400,4
Sold4,6458,9400,4
Sold4,6458,9400,4
Sold4,6458,9400,4
Sold4,6458,9400,4
Sold4,6458,9400,4
Sold4,6458,9400,4
Sold4,6458,9400,4
Sold4,6458,9400,4
Sold4,6458,9400,4
Sold4,6458,9400,4
Sold4,6458,9400,4
Sold4,6458,9400,4
Sold4,6458,9400,4
Sold4,6458,9400,4
Sold4,6458,9400,4
Sold4,6458,9400,4
Sold4,6458,9400,4
Sold4,6458,9400,4
Sold4,6458,9400,4
Sold4,6458,9400,4
Sold4,6458,9400,4
Sold4,6458,9400,4
Sold4,6458,9400,4
Sold4,6458,9400,4
Sold4,6458,9400,4
Sold4,6458,9400,4
Sold4,6458,9400,4
Sold4,6458,9400,4
Sold4,6458,9400,4
Sold4,6458,9400,4
Sold4,6458,9400,4
Sold4,6458,9400,4
Sold4,6458,9400,4
Sold4,6458,9400,4
Sold4,6458,9400,4
Sold4,6458,9400,4
Sold4,6458,9400,4
Sold4,6458,9400,4
Sold4,6458,9400,4
Sold4,6458,9400,4
Sold4,6458,9400,4
Sold4,6458,9400,4
Sold4,6458,9400,4
Sold4,6458,9400,4
Sold4,6458,9400,4
Sold4,6458,9400,4
Sold4,6458,9400,4
Sold4,6458,9400,4
Sold4,6458,9400,4
Sold4,6458,9400,4
Sold4,6458,9400,4
Sold4,6458,9400,4
Sold4,6458,9400,4
Sold4,6458,9400,4
Sold4,6458,9400,4
Sold4,6458,9400,4
Sold4,6458,9400,4
Sold4,6458,9400,4
Sold4,6458,9400,4
Sold4,6458,9400,4
Sold4,6458,9400,4
Sold4,6458,9400,4
Sold4,6458,9400,4
Sold4,6458,9400,4
Sold4,6458,9400,4
Sold4,6458,9400,4
Sold4,6458,9400,4
Sold4,6458,9400,4
Sold4,6458,9400,4
Sold4,6458,9400,4
Sold4,6458,9400,4
Sold4,6458,9400,4
Sold4,6458,9400,4
Sold4,6458,9400,4
Sold4,6458,9400,4
Sold4,6458,9400,4
Sold4,6458,9400,4
Sold4,6458,9400,4
Sold4,6458,9400,4
Sold4,6458,9400,4
Sold4,6458,9400,4
Sold4,6458,9400,4
Sold4,6458,9400,4
Sold4,6458,9400,4
Sold4,6458,9400,4
Sold4,6458,9400,4
Sold4,6458,9400,4
Sold4,6458,9400,4
Sold4,6458,9400,4
Sold4,6458,9400,4
Sold4,6458,9400,4
Druid4,8429,9400,4
Druid4,8429,9400,4
Druid4,8429,9400,4
Druid4,8429,9400,4
Druid4,8429,9400,4
Sold4,6458,9400,4
Sold4,6458,9400,4
Sold4,6458,9400,4
Sold4,6458,9400,4
Sold4,6458,9400,4
Sold4,6458,9400,4
Sold4,6458,9400,4
Sold4,6458,9400,4
Sold4,6458,9400,4
Sold4,6458,9400,4
Sold4,6458,9400,4
Sold4,6458,9400,4
Sold4,6458,9400,4
Sold4,6458,9400,4
Sold4,6458,9400,4
Sold4,6458,9400,4
Sold4,6458,9400,4
Sold4,6458,9400,4
Sold4,6458,9400,4
Sold4,6458,9400,4
Sold4,6458,9400,4
Sold4,6458,9400,4
Sold4,6458,9400,4
Sold4,6458,9400,4
Sold4,6458,9400,4
Sold4,6458,9400,4
Sold4,6458,9400,4
Sold4,6458,9400,4
Sold4,6458,9400,4
Sold4,6458,9400,4
Sold4,6458,9400,4
Sold4,6458,9400,4
Sold4,6458,9400,4
Sold4,6458,9400,4
Sold4,6458,9400,4
Sold4,6458,9400,4
Sold4,6458,9400,4
Sold4,6458,9400,4
Sold4,6458,9400,4
Sold4,6458,9400,4
Sold4,6458,9400,4
Sold4,6458,9400,4
Sold4,6458,9400,4
Sold4,6458,9400,4
Sold4,6458,9400,4
Sold4,6458,9400,4
Sold4,6458,9400,4
Sold4,6458,9400,4
Sold4,6458,9400,4
Sold4,6458,9400,4
Sold4,6458,9400,4
Sold4,6458,9400,4
Sold4,6458,9400,4
Sold4,6458,9400,4
Sold4,6458,9400,4
Sold4,6458,9400,4
Sold4,6458,9400,4
Sold4,6458,9400,4
Sold4,6458,9400,4
Sold4,6458,9400,4
Sold4,6458,9400,4
Sold4,6458,9400,4
Sold4,6458,9400,4
Sold4,6458,9400,4
Sold4,6458,9400,4
Sold4,6458,9400,4
Sold4,6458,9400,4
Sold4,6458,9400,4
Sold4,6458,9400,4
Sold4,6458,9400,4
Sold4,6458,9400,4
Sold4,6458,9400,4
Sold4,6458,9400,4
Sold4,6458,9400,4
Sold4,6458,9400,4
Sold4,6458,9400,4
Sold4,6458,9400,4
Sold4,6458,9400,4
Sold4,6458,9400,4
Sold4,6458,9400,4
Sold4,6458,9400,4
Sold4,6458,9400,4
Sold4,6458,9400,4
Druid4,8004,9400,4
Druid4,8004,9400,4
Sold3,5597,6000,3
Sold3,5597,6000,3
Sold3,5597,6000,3
Sold3,5597,6000,3
Sold3,5597,6000,3
Sold3,5597,6000,3
Sold3,5597,6000,3
Sold3,5597,6000,3
Sold3,5597,6000,3
Sold3,5597,6000,3
Sold3,5597,6000,3
Sold3,5597,6000,3
Sold3,5597,6000,3
Sold3,5597,6000,3
Sold3,5597,6000,3
Sold3,5597,6000,3
Sold3,5597,6000,3
Sold3,5597,6000,3
Sold3,5597,6000,3
Sold3,5597,6000,3
Sold3,5597,6000,3
Sold3,5597,6000,3
Sold3,5597,6000,3
Sold3,5597,6000,3
Sold3,5597,6000,3
Sold3,5597,6000,3
Sold3,5597,6000,3
Sold3,5597,6000,3
Sold3,5597,6000,3
Sold3,5597,6000,3
Sold3,5597,6000,3
Sold3,5597,6000,3
Sold3,5597,6000,3
Sold3,5597,6000,3
Druid4,6852,9400,4
Sold3,5597,6000,3
Sold3,5597,6000,3
Sold3,5597,6000,3
Sold3,5597,6000,3
Sold3,5597,6000,3
Sold3,5597,6000,3
Sold3,5597,6000,3
Sold3,5597,6000,3
Sold3,5597,6000,3
Sold3,5597,6000,3
Sold3,5597,6000,3
Sold3,5597,6000,3
Druid4,6796,9400,4
Sold3,5597,6000,3
Sold3,5597,6000,3
Sold3,5597,6000,3
Sold3,5597,6000,3
Sold3,5597,6000,3
Sold3,5597,6000,3
Sold3,5597,6000,3
Sold3,5597,6000,3
Sold3,5597,6000,3
Sold3,5597,6000,3
Sold3,5597,6000,3
Sold3,5597,6000,3
Druid4,6796,9400,4
Sold3,5474,6000,3
Sold3,5474,6000,3
Sold3,5474,6000,3
Sold3,5474,6000,3
Sold3,5474,6000,3
Sold3,5474,6000,3
Sold3,5474,6000,3
Sold3,5474,6000,3
Sold3,5474,6000,3
Sold3,5474,6000,3
Sold3,5474,6000,3
Sold3,5474,6000,3
Sold3,5474,6000,3
Sold3,5474,6000,3
Sold3,5474,6000,3
Sold3,5474,6000,3
Sold3,5474,6000,3
Sold3,5474,6000,3
Sold3,5474,6000,3
Sold3,5474,6000,3
Sold3,5474,6000,3
Sold3,5474,6000,3
Sold3,5474,6000,3
Sold3,5474,6000,3
Sold3,5474,6000,3
Sold3,5474,6000,3
Sold3,5474,6000,3
Sold3,5474,6000,3
Sold3,5474,6000,3
Sold3,5474,6000,3
Sold3,5474,6000,3
Sold3,5474,6000,3
Sold3,5474,6000,3
Sold3,5474,6000,3
Sold3,5474,6000,3
Sold3,5474,6000,3
Sold3,5474,6000,3
Sold3,5474,6000,3
Sold3,5474,6000,3
Sold3,5474,6000,3
Sold3,5474,6000,3
Sold3,5474,6000,3
Sold3,5474,6000,3
Sold3,5474,6000,3
Sold3,5474,6000,3
Sold3,5474,6000,3
Sold3,5474,6000,3
Sold3,5474,6000,3
Sold3,5474,6000,3
Sold3,5474,6000,3
Sold3,5474,6000,3
Sold3,5474,6000,3
Sold3,5474,6000,3
Sold3,5474,6000,3
Sold3,5474,6000,3
Sold3,5474,6000,3
Sold3,5474,6000,3
Sold3,5474,6000,3
Sold3,5474,6000,3
Sold3,5474,6000,3
Sold3,5474,6000,3
Sold3,5474,6000,3
Sold3,5474,6000,3
Sold3,5474,6000,3
Sold3,5474,6000,3
Sold3,5474,6000,3
Sold3,5474,6000,3
Sold3,5474,6000,3
Sold3,5474,6000,3
Sold3,5474,6000,3
Sold3,5474,6000,3
Sold3,5474,6000,3
Sold3,5474,6000,3
Sold3,5474,6000,3
Sold3,5474,6000,3
Sold3,5474,6000,3
Sold3,5474,6000,3
Sold3,5474,6000,3
Sold3,5474,6000,3
Sold3,5474,6000,3
Sold3,5474,6000,3
Sold3,5474,6000,3
Sold3,5474,6000,3
Sold3,5474,6000,3
Sold3,5474,6000,3
Sold3,5474,6000,3
Sold3,5474,6000,3
Sold3,5474,6000,3
Sold3,5474,6000,3
Sold3,5474,6000,3
Sold3,5474,6000,3
Sold3,5474,6000,3
Sold3,5474,6000,3
Sold3,5474,6000,3
Sold3,5474,6000,3
Sold3,5474,6000,3
Sold3,5474,6000,3
Sold3,5474,6000,3
Sold3,5474,6000,3
Sold3,5474,6000,3
Druid4,6344,9400,4
Sold3,3361,6000,3
Sold3,3361,6000,3
Sold3,3361,6000,3
Sold3,3361,6000,3
Sold3,3361,6000,3
Sold3,3361,6000,3
Sold3,3361,6000,3
Sold3,3361,6000,3
Sold3,3361,6000,3
Sold3,3361,6000,3
Sold3,3361,6000,3
Sold3,3361,6000,3
Sold3,3361,6000,3
Sold3,3361,6000,3
Sold3,3361,6000,3
Sold3,3361,6000,3
Sold3,3361,6000,3
Sold3,3361,6000,3
Sold3,3361,6000,3
Sold3,3361,6000,3
Sold3,3361,6000,3
Sold3,3361,6000,3
Sold3,3361,6000,3
Sold3,3361,6000,3
Sold3,3361,6000,3
Sold3,3361,6000,3
Sold3,3361,6000,3
Sold3,3361,6000,3
Sold3,3361,6000,3
Sold3,3361,6000,3
Sold3,3361,6000,3
Sold3,3361,6000,3
Sold3,3361,6000,3
Sold3,3361,6000,3
Sold3,3361,6000,3
Sold3,3361,6000,3
Sold3,3361,6000,3
Sold3,3361,6000,3
Sold3,3361,6000,3
Sold3,3361,6000,3
Sold3,3361,6000,3
Sold3,3361,6000,3
Sold3,3361,6000,3
Sold3,3361,6000,3
Sold3,3361,6000,3
Sold3,3361,6000,3
Sold3,3361,6000,3
Sold3,3361,6000,3
Sold3,3361,6000,3
Sold3,3361,6000,3
Sold3,3361,6000,3
Sold3,3361,6000,3
Sold3,3361,6000,3
Sold3,3361,6000,3
Sold3,3361,6000,3
Sold3,3361,6000,3
Sold3,3361,6000,3
Sold3,3361,6000,3
Sold3,3361,6000,3
Sold3,3361,6000,3
Sold3,3361,6000,3
Sold3,3361,6000,3
Sold3,3361,6000,3
Sold3,3361,6000,3
Sold3,3361,6000,3
Sold3,3361,6000,3
Sold3,3361,6000,3
Sold3,3361,6000,3
Sold3,3361,6000,3
Sold3,3361,6000,3
Sold3,3361,6000,3
Sold3,3361,6000,3
Sold3,3361,6000,3
Sold3,3361,6000,3
Sold3,3361,6000,3
Sold3,3361,6000,3
Sold3,3361,6000,3
Sold3,3361,6000,3
Sold3,3361,6000,3
Sold3,3361,6000,3
Sold3,3361,6000,3
Sold3,3361,6000,3
Sold3,3361,6000,3
Sold3,3361,6000,3
Sold3,3361,6000,3
Sold3,3361,6000,3
Sold3,3361,6000,3
Sold3,3361,6000,3
Sold3,3361,6000,3
Sold3,3361,6000,3
Sold3,3361,6000,3
Sold3,3361,6000,3
Sold3,3361,6000,3
Sold3,3361,6000,3
Sold3,3361,6000,3
Sold3,3361,6000,3
Sold3,3361,6000,3
Sold3,3361,6000,3
Sold3,3361,6000,3
Sold3,3361,6000,3
Sold3,3361,6000,3
Sold3,3361,6000,3
Sold3,3361,6000,3
Sold3,3361,6000,3
Sold3,3361,6000,3
Sold3,3361,6000,3
Sold3,3361,6000,3
Sold3,3361,6000,3
Sold3,3361,6000,3
Sold3,3361,6000,3
Sold3,3361,6000,3
Sold3,3361,6000,3
Sold3,3361,6000,3
Sold3,3361,6000,3
Sold3,3361,6000,3
Sold3,3361,6000,3
Sold3,3361,6000,3
Sold3,3361,6000,3
Sold3,3361,6000,3
Sold3,3361,6000,3
Sold3,3361,6000,3
Sold3,3361,6000,3
Sold3,3361,6000,3
Sold3,3361,6000,3
Sold3,3361,6000,3
Sold3,3361,6000,3
Sold3,3361,6000,3
Sold3,3361,6000,3
Sold3,3361,6000,3
Sold3,3361,6000,3
Sold3,3361,6000,3
Sold3,3361,6000,3
Sold3,3361,6000,3
Sold3,3361,6000,3
Sold3,3361,6000,3
Sold3,3361,6000,3
Sold3,3361,6000,3
Sold3,3361,6000,3
Sold3,3361,6000,3
Sold3,3361,6000,3
Sold3,3361,6000,3
Sold3,3361,6000,3
Sold3,3361,6000,3
Sold3,3361,6000,3
Sold3,3361,6000,3
Sold3,3361,6000,3
Sold3,3361,6000,3
Sold3,3361,6000,3
Sold3,3361,6000,3
Sold3,3361,6000,3
Sold3,3361,6000,3
Sold3,3361,6000,3
Sold3,3361,6000,3
Sold3,3361,6000,3
Sold3,3361,6000,3
Sold3,3361,6000,3
Sold3,3361,6000,3
Sold3,3361,6000,3
Sold3,3361,6000,3
Sold3,3361,6000,3
Sold3,3361,6000,3
Sold3,3361,6000,3
Sold3,3361,6000,3
Sold3,3361,6000,3
Sold3,3361,6000,3
Sold3,3361,6000,3
Sold3,3361,6000,3
Sold3,3361,6000,3
Sold3,3361,6000,3
Sold3,3361,6000,3
Sold3,3361,6000,3
Sold3,3361,6000,3
Sold3,3361,6000,3
Sold3,3361,6000,3
Sold3,3361,6000,3
Sold3,3361,6000,3
Sold3,3361,6000,3
Sold3,3361,6000,3
Sold3,3361,6000,3
Sold3,3361,6000,3
Sold3,3361,6000,3
Sold3,3361,6000,3
Sold3,3361,6000,3
Sold3,3361,6000,3
Sold3,3361,6000,3
Sold3,3361,6000,3
Sold3,3361,6000,3
Sold3,3361,6000,3
Sold3,3361,6000,3
Sold3,3361,6000,3
Sold3,3361,6000,3
Sold3,3361,6000,3
Sold3,3361,6000,3
Sold3,3361,6000,3
Sold3,3361,6000,3
Sold3,3361,6000,3
Sold3,3361,6000,3
Sold3,3361,6000,3
Sold3,3361,6000,3
Sold3,3361,6000,3
Sold3,3361,6000,3
Sold3,3361,6000,3
Sold3,3361,6000,3
Sold3,3361,6000,3
Sold3,3361,6000,3
Sold3,3361,6000,3
Sold3,3361,6000,3
Sold3,3361,6000,3
Sold3,3361,6000,3
Sold3,3361,6000,3
Sold3,3361,6000,3
Sold3,3361,6000,3
Sold3,3361,6000,3
Sold3,3361,6000,3
Sold3,3361,6000,3
Sold3,3361,6000,3
Sold3,3361,6000,3
Sold3,3361,6000,3
Sold3,3361,6000,3
Sold3,3361,6000,3
Sold3,3361,6000,3
Sold3,3361,6000,3
Sold3,3361,6000,3
Sold3,3361,6000,3
Sold3,3361,6000,3
Sold3,3361,6000,3
Sold3,3361,6000,3
Sold3,3361,6000,3
Sold3,3361,6000,3
Sold3,3361,6000,3
Sold3,3361,6000,3
Sold3,3361,6000,3
Sold3,3361,6000,3
Sold3,3361,6000,3
Sold3,3361,6000,3
Sold3,3361,6000,3
Sold3,3361,6000,3
Sold3,3361,6000,3
Sold3,3361,6000,3
Sold3,3361,6000,3
Sold3,3361,6000,3
Sold3,3361,6000,3
Sold3,3361,6000,3
Sold3,3361,6000,3
Sold3,3361,6000,3
Sold3,3361,6000,3
Sold3,3361,6000,3
Sold3,3361,6000,3
Sold3,3361,6000,3
Sold3,3361,6000,3
Sold3,3361,6000,3
Sold3,3361,6000,3
Sold3,3361,6000,3
Sold3,3361,6000,3
Sold3,3361,6000,3
Sold3,3361,6000,3
Sold3,3361,6000,3
Sold3,3361,6000,3
Sold3,3361,6000,3
Sold3,3361,6000,3
Sold3,3361,6000,3
Sold3,3361,6000,3
Sold3,3361,6000,3
Sold3,3361,6000,3
Sold3,3361,6000,3
Sold3,3361,6000,3
Sold3,3361,6000,3
Sold3,3361,6000,3
Sold3,3361,6000,3
Sold3,3361,6000,3
Sold3,3361,6000,3
Sold3,3361,6000,3
Sold3,3361,6000,3
Sold3,3361,6000,3
Sold3,3361,6000,3
Sold3,3361,6000,3
Sold3,3361,6000,3
Sold3,3361,6000,3
Sold3,3361,6000,3
Sold3,3361,6000,3
Sold3,3361,6000,3
Sold3,3361,6000,3
Sold3,3361,6000,3
Sold3,3361,6000,3
Sold3,3361,6000,3
Sold3,3361,6000,3
Sold3,3361,6000,3
Sold3,3361,6000,3
Sold3,3361,6000,3
Sold3,3361,6000,3
Sold3,3361,6000,3
Sold3,3361,6000,3
Sold3,3361,6000,3
Sold3,3361,6000,3
Sold3,3361,6000,3
Sold3,3361,6000,3
Sold3,3361,6000,3
Sold3,3361,6000,3
Sold3,3361,6000,3
Sold3,3361,6000,3
Sold3,3361,6000,3
Sold3,3361,6000,3
Sold3,3361,6000,3
Sold3,3361,6000,3
Sold3,3361,6000,3
Sold3,3361,6000,3
Sold3,3361,6000,3
Sold3,3361,6000,3
Sold3,3361,6000,3
Sold3,3361,6000,3
Sold3,3361,6000,3
Sold3,3361,6000,3
Sold3,3361,6000,3
Sold3,3361,6000,3
Sold3,3361,6000,3
Sold3,3361,6000,3
Sold3,3361,6000,3
Sold3,3361,6000,3
Sold3,3361,6000,3
Sold3,3361,6000,3
Sold3,3361,6000,3
Sold3,3361,6000,3
Sold3,3361,6000,3
Sold3,3361,6000,3
Sold3,3361,6000,3
Sold3,3361,6000,3
Sold3,3361,6000,3
Sold3,3361,6000,3
Sold3,3361,6000,3
Sold3,3361,6000,3
Sold3,3361,6000,3
Sold3,3361,6000,3
Sold3,3361,6000,3
Sold3,3361,6000,3
Sold3,3361,6000,3
Sold3,3361,6000,3
Sold3,3361,6000,3
Sold3,3361,6000,3
Sold3,3361,6000,3
Sold3,3361,6000,3
Sold3,3361,6000,3
Sold3,3361,6000,3
Sold3,3361,6000,3
Sold3,3361,6000,3
Sold3,3361,6000,3
Sold3,3361,6000,3
Sold3,3361,6000,3
Sold3,3361,6000,3
Sold3,3361,6000,3
Sold3,3361,6000,3
Sold3,3361,6000,3
Sold3,3361,6000,3
Sold3,3361,6000,3
Sold3,3361,6000,3
Sold3,3361,6000,3
Sold3,3361,6000,3
Sold3,3361,6000,3
Sold3,3361,6000,3
Sold3,3361,6000,3
Sold3,3361,6000,3
Sold3,3361,6000,3
Sold3,3361,6000,3
Sold3,3361,6000,3
Sold3,3361,6000,3
Sold3,3361,6000,3
Sold3,3361,6000,3
Sold3,3361,6000,3
Sold3,3361,6000,3
Sold3,3361,6000,3
Sold3,3361,6000,3
Sold3,3361,6000,3
Sold3,3361,6000,3
Sold3,3361,6000,3
Sold3,3361,6000,3
Sold3,3361,6000,3
Sold3,3361,6000,3
Sold3,3361,6000,3
Sold3,3361,6000,3
Sold3,3361,6000,3
Sold3,3361,6000,3
Sold3,3361,6000,3
Sold3,3361,6000,3
Sold3,3361,6000,3
Sold3,3361,6000,3
Sold3,3361,6000,3
Sold3,3361,6000,3
Sold3,3361,6000,3
Sold3,3361,6000,3
Sold3,3361,6000,3
Sold3,3361,6000,3
Sold3,3361,6000,3
Sold3,3361,6000,3
Sold3,3361,6000,3
Sold3,3361,6000,3
Sold3,3361,6000,3
Sold3,3361,6000,3
Sold3,3361,6000,3
Sold3,3361,6000,3
Sold3,3361,6000,3
Sold3,3361,6000,3
Sold3,3361,6000,3
Sold3,3361,6000,3
Sold3,3361,6000,3
Sold3,3361,6000,3
Sold3,3361,6000,3
Sold3,3361,6000,3
Sold3,3361,6000,3
Sold3,3361,6000,3
Sold3,3361,6000,3
Sold3,3361,6000,3
Sold3,3361,6000,3
Sold3,3361,6000,3
Sold3,3361,6000,3
Sold3,3361,6000,3
Sold3,3361,6000,3
Sold3,3361,6000,3
Sold3,3361,6000,3
Sold3,3361,6000,3
Sold3,3361,6000,3
Sold3,3361,6000,3
Sold3,3361,6000,3
Sold3,3361,6000,3
Sold3,3361,6000,3
Sold3,3361,6000,3
Sold3,3361,6000,3
Sold3,3361,6000,3
Sold3,3361,6000,3
Sold3,3361,6000,3
Sold3,3361,6000,3
Sold3,3361,6000,3
Sold3,3361,6000,3
Sold3,3361,6000,3
Sold3,3361,6000,3
Sold3,3361,6000,3
Sold3,3361,6000,3
Sold3,3361,6000,3
Sold3,3361,6000,3
Sold3,3361,6000,3
Sold3,3361,6000,3
Sold3,3361,6000,3
Sold3,3361,6000,3
Sold3,3361,6000,3
Sold3,3361,6000,3
Sold3,3361,6000,3
Sold3,3361,6000,3
Sold3,3361,6000,3
Sold3,3361,6000,3
Sold3,3361,6000,3
Sold3,3361,6000,3
Sold3,3361,6000,3
Sold3,3361,6000,3
Druid2,3268,3300,2
Druid2,3268,3300,2
Druid2,3268,3300,2
Druid2,3268,3300,2
Druid2,3268,3300,2
Druid2,3268,3300,2
Druid2,3268,3300,2
Druid2,3268,3300,2
Druid2,3268,3300,2
Druid2,3268,3300,2
Druid2,3268,3300,2
Druid2,3268,3300,2
Druid2,3268,3300,2
Druid2,3268,3300,2
Sold3,3361,6000,3
Sold3,3361,6000,3
Sold3,3361,6000,3
Sold3,3361,6000,3
Sold3,3361,6000,3
Sold3,3361,6000,3
Sold3,3361,6000,3
Sold3,3361,6000,3
Sold3,3361,6000,3
Sold3,3361,6000,3
Sold3,3361,6000,3
Sold3,3361,6000,3
Sold3,3361,6000,3
Sold3,3361,6000,3
Sold3,3361,6000,3
Sold3,3361,6000,3
Sold3,3361,6000,3
Sold3,3361,6000,3
Sold3,3361,6000,3
Sold3,3361,6000,3
Sold3,3361,6000,3
Sold3,3361,6000,3
Sold3,3361,6000,3
Sold3,3361,6000,3
Sold3,3361,6000,3
Sold3,3361,6000,3
Sold3,3361,6000,3
Sold3,3361,6000,3
Sold3,3361,6000,3
Sold3,3361,6000,3
Sold3,3361,6000,3
Sold3,3361,6000,3
Sold3,3361,6000,3
Sold3,3361,6000,3
Sold3,3361,6000,3
Sold3,3361,6000,3
Sold3,3361,6000,3
Sold3,3361,6000,3
Sold3,3361,6000,3
Sold3,3361,6000,3
Sold3,3361,6000,3
Sold3,3361,6000,3
Sold3,3361,6000,3
Sold3,3361,6000,3
Sold3,3361,6000,3
Sold3,3361,6000,3
Sold3,3361,6000,3
Sold3,3361,6000,3
Sold3,3361,6000,3
Sold3,3361,6000,3
Sold3,3361,6000,3
Sold3,3361,6000,3
Sold3,3361,6000,3
Sold3,3361,6000,3
Sold3,3361,6000,3
Sold3,3361,6000,3
Sold3,3361,6000,3
Sold3,3361,6000,3
Sold3,3361,6000,3
Sold3,3361,6000,3
Sold3,3361,6000,3
Sold3,3361,6000,3
Sold3,3361,6000,3
Sold3,3361,6000,3
Sold3,3361,6000,3
Sold3,3361,6000,3
Sold3,3361,6000,3
Sold3,3361,6000,3
Sold3,3361,6000,3
Sold3,3361,6000,3
Sold3,3361,6000,3
Sold3,3361,6000,3
Sold3,3361,6000,3
Sold3,3361,6000,3
Sold3,3361,6000,3
Sold3,3361,6000,3
Sold3,3361,6000,3
Sold3,3361,6000,3
Sold3,3361,6000,3
Sold3,3361,6000,3
Sold3,3361,6000,3
Sold3,3361,6000,3
Sold3,3361,6000,3
Sold3,3361,6000,3
Sold3,3361,6000,3
Sold3,3361,6000,3
Sold3,3361,6000,3
Sold3,3361,6000,3
Sold3,3361,6000,3
Sold3,3361,6000,3
Sold3,3361,6000,3
Sold3,3361,6000,3
Sold3,3361,6000,3
Sold3,3361,6000,3
Sold3,3361,6000,3
Sold3,3361,6000,3
Sold3,3361,6000,3
Sold3,3361,6000,3
Sold3,3361,6000,3
Sold3,3361,6000,3
Sold3,3361,6000,3
Sold3,3361,6000,3
Sold3,3361,6000,3
Sold3,3361,6000,3
Sold3,3361,6000,3
Sold3,3361,6000,3
Sold3,3361,6000,3
Sold3,3361,6000,3
Sold3,3361,6000,3
Sold3,3361,6000,3
Sold3,3361,6000,3
Sold3,3361,6000,3
Sold3,3361,6000,3
Sold3,3361,6000,3
Sold3,3361,6000,3
Sold3,3361,6000,3
Sold3,3361,6000,3
Sold3,3361,6000,3
Sold3,3361,6000,3
Sold3,3361,6000,3
Sold3,3361,6000,3
Sold3,3361,6000,3
Sold3,3361,6000,3
Sold3,3361,6000,3
Sold3,3361,6000,3
Sold3,3361,6000,3
Sold3,3361,6000,3
Sold3,3361,6000,3
Sold3,3361,6000,3
Sold3,3361,6000,3
Druid2,2928,3300,2
Druid2,2928,3300,2
Druid2,2928,3300,2
Druid2,2928,3300,2
Druid2,2928,3300,2
Druid2,2928,3300,2
Sold3,3361,6000,3
Sold3,3361,6000,3
Sold3,3361,6000,3
Sold3,3361,6000,3
Sold3,3361,6000,3
Sold3,3361,6000,3
Sold3,3361,6000,3
Sold3,3361,6000,3
Sold3,3361,6000,3
Sold3,3361,6000,3
Sold3,3361,6000,3
Sold3,3361,6000,3
Sold3,3361,6000,3
Sold3,3361,6000,3
Sold3,3361,6000,3
Sold3,3361,6000,3
Sold3,3361,6000,3
Sold3,3361,6000,3
Sold3,3361,6000,3
Sold3,3361,6000,3
Sold3,3361,6000,3
Sold3,3361,6000,3
Sold3,3361,6000,3
Sold3,3361,6000,3
Sold3,3361,6000,3
Sold3,3361,6000,3
Sold3,3361,6000,3
Sold3,3361,6000,3
Sold3,3361,6000,3
Sold3,3361,6000,3
Sold3,3361,6000,3
Sold3,3361,6000,3
Sold3,3361,6000,3
Sold3,3361,6000,3
Sold3,3361,6000,3
Sold3,3361,6000,3
Sold3,3361,6000,3
Sold3,3361,6000,3
Sold3,3361,6000,3
Sold3,3361,6000,3
Sold3,3361,6000,3
Sold3,3361,6000,3
Sold3,3361,6000,3
Sold3,3361,6000,3
Sold3,3361,6000,3
Sold3,3361,6000,3
Sold3,3361,6000,3
Sold3,3361,6000,3
Sold3,3361,6000,3
Sold3,3361,6000,3
Sold3,3361,6000,3
Sold3,3361,6000,3
Sold3,3361,6000,3
Sold3,3361,6000,3
Sold3,3361,6000,3
Sold3,3361,6000,3
Sold3,3361,6000,3
Sold3,3361,6000,3
Sold3,3361,6000,3
Sold3,3361,6000,3
Sold3,3361,6000,3
Sold3,3361,6000,3
Sold3,3361,6000,3
Sold3,3361,6000,3
Sold3,3361,6000,3
Sold3,3361,6000,3
Sold3,3361,6000,3
Sold3,3361,6000,3
Sold3,3361,6000,3
Sold3,3361,6000,3
Sold3,3361,6000,3
Sold3,3361,6000,3
Sold3,3361,6000,3
Sold3,3361,6000,3
Sold3,3361,6000,3
Sold3,3361,6000,3
Sold3,3361,6000,3
Sold3,3361,6000,3
Sold3,3361,6000,3
Sold3,3361,6000,3
Sold3,3361,6000,3
Sold3,3361,6000,3
Sold3,3361,6000,3
Sold3,3361,6000,3
Sold3,3361,6000,3
Sold3,3361,6000,3
Sold3,3361,6000,3
Sold3,3361,6000,3
Sold3,3361,6000,3
Sold3,3361,6000,3
Sold3,3361,6000,3
Sold3,3361,6000,3
Sold3,3361,6000,3
Sold3,3361,6000,3
Sold3,3361,6000,3
Sold3,3361,6000,3
Sold3,3361,6000,3
Sold3,3361,6000,3
Sold3,3361,6000,3
Sold3,3361,6000,3
Sold3,3361,6000,3
Sold3,3361,6000,3
Sold3,3361,6000,3
Sold3,3361,6000,3
Sold3,3361,6000,3
Sold3,3361,6000,3
Sold3,3361,6000,3
Sold3,3361,6000,3
Sold3,3361,6000,3
Sold3,3361,6000,3
Sold3,3361,6000,3
Sold3,3361,6000,3
Sold3,3361,6000,3
Sold3,3361,6000,3
Sold3,3361,6000,3
Sold3,3361,6000,3
Sold3,3361,6000,3
Sold3,3361,6000,3
Sold3,3361,6000,3
Sold3,3361,6000,3
Sold3,3361,6000,3
Sold3,3361,6000,3
Sold3,3361,6000,3
Sold3,3361,6000,3
Sold3,3361,6000,3
Sold3,3361,6000,3
Sold3,3361,6000,3
Sold3,3361,6000,3
Sold3,3361,6000,3
Sold3,3361,6000,3
Druid2,2928,3300,2
Druid2,2928,3300,2
Druid2,2928,3300,2
Druid2,2928,3300,2
Druid2,2928,3300,2
Druid2,2928,3300,2
Sold2,2082,3300,2
Sold2,2082,3300,2
Sold2,2082,3300,2
Sold2,2082,3300,2
Sold2,2082,3300,2
Sold2,2082,3300,2
Sold2,2082,3300,2
Sold2,2082,3300,2
Sold2,2082,3300,2
Sold2,2082,3300,2
Sold2,2082,3300,2
Sold2,2082,3300,2
Sold2,2082,3300,2
Sold2,2082,3300,2
Sold2,2082,3300,2
Sold2,2082,3300,2
Sold2,2082,3300,2
Sold2,2082,3300,2
Sold2,2082,3300,2
Sold2,2082,3300,2
Sold2,2082,3300,2
Sold2,2082,3300,2
Sold2,2082,3300,2
Sold2,2082,3300,2
Sold2,2082,3300,2
Sold2,2082,3300,2
Sold2,2082,3300,2
Sold2,2082,3300,2
Sold2,2082,3300,2
Sold2,2082,3300,2
Sold2,2082,3300,2
Sold2,2082,3300,2
Sold2,2082,3300,2
Sold2,2082,3300,2
Sold2,2082,3300,2
Sold2,2082,3300,2
Sold2,2082,3300,2
Sold2,2082,3300,2
Sold2,2082,3300,2
Sold2,2082,3300,2
Sold2,2082,3300,2
Sold2,2082,3300,2
Sold2,2082,3300,2
Sold2,2082,3300,2
Sold2,2082,3300,2
Sold2,2082,3300,2
Sold2,2082,3300,2
Sold2,2082,3300,2
Sold2,2082,3300,2
Sold2,2082,3300,2
Sold2,2082,3300,2
Sold2,2082,3300,2
Sold2,2082,3300,2
Sold2,2082,3300,2
Sold2,2082,3300,2
Sold2,2082,3300,2
Sold2,2082,3300,2
Sold2,2082,3300,2
Sold2,2082,3300,2
Sold2,2082,3300,2
Sold2,2082,3300,2
Sold2,2082,3300,2
Sold2,2082,3300,2
Sold2,2082,3300,2
Sold2,2082,3300,2
Sold2,2082,3300,2
Sold2,2082,3300,2
Sold2,2082,3300,2
Sold2,2082,3300,2
Sold2,2082,3300,2
Sold2,2082,3300,2
Sold2,2082,3300,2
Sold2,2082,3300,2
Sold2,2082,3300,2
Sold2,2082,3300,2
Sold2,2082,3300,2
Sold2,2082,3300,2
Sold2,2082,3300,2
Sold2,2082,3300,2
Sold2,2082,3300,2
Sold2,2082,3300,2
Sold2,2082,3300,2
Sold2,2082,3300,2
Sold2,2082,3300,2
Sold2,2082,3300,2
Sold2,2082,3300,2
Sold2,2082,3300,2
Sold2,2082,3300,2
Sold2,2082,3300,2
Sold2,2082,3300,2
Sold2,2082,3300,2
Sold2,2082,3300,2
Sold2,2082,3300,2
Sold2,2082,3300,2
Sold2,2082,3300,2
Sold2,2082,3300,2
Sold2,2082,3300,2
Sold2,2082,3300,2
Sold2,2082,3300,2
Sold2,2082,3300,2
Sold2,2082,3300,2
Sold2,2082,3300,2
Sold2,2082,3300,2
Sold2,2082,3300,2
Sold2,2082,3300,2
Sold2,2082,3300,2
Sold2,2082,3300,2
Sold2,2082,3300,2
Sold2,2082,3300,2
Sold2,2082,3300,2
Sold2,2082,3300,2
Sold2,2082,3300,2
Sold2,2082,3300,2
Sold2,2082,3300,2
Sold2,2082,3300,2
Sold2,2082,3300,2
Sold2,2082,3300,2
Sold2,2082,3300,2
Sold2,2082,3300,2
Sold2,2082,3300,2
Sold2,2082,3300,2
Sold2,2082,3300,2
Sold2,2082,3300,2
Sold2,2082,3300,2
Sold2,2082,3300,2
Sold2,2082,3300,2
Sold2,2082,3300,2
Sold2,2082,3300,2
Sold2,2082,3300,2
Sold2,2082,3300,2
Sold2,2082,3300,2
Sold2,2082,3300,2
Sold2,2082,3300,2
Sold2,2082,3300,2
Sold2,2082,3300,2
Sold2,2082,3300,2
Sold2,2082,3300,2
Sold2,2082,3300,2
Sold2,2082,3300,2
Sold2,2082,3300,2
Sold2,2082,3300,2
Sold2,2082,3300,2
Sold2,2082,3300,2
Sold2,2082,3300,2
Sold2,2082,3300,2
Sold2,2082,3300,2
Sold2,2082,3300,2
Sold2,2082,3300,2
Sold2,2082,3300,2
Sold2,2082,3300,2
Sold2,2082,3300,2
Sold2,2082,3300,2
Sold2,2082,3300,2
Sold2,2082,3300,2
Sold2,2082,3300,2
Sold2,2082,3300,2
Sold2,2082,3300,2
Sold2,2082,3300,2
Sold2,2082,3300,2
Sold2,2082,3300,2
Sold2,2082,3300,2
Sold2,2082,3300,2
Sold2,2082,3300,2
Sold2,2082,3300,2
Sold2,2082,3300,2
Sold2,2082,3300,2
Sold2,2082,3300,2
Sold2,2082,3300,2
Sold2,2082,3300,2
Sold2,2082,3300,2
Sold2,2082,3300,2
Sold2,2082,3300,2
Sold2,2082,3300,2
Sold2,2082,3300,2
Sold2,2082,3300,2
Sold2,2082,3300,2
Sold2,2082,3300,2
Sold2,2082,3300,2
Sold2,2082,3300,2
Sold2,2082,3300,2
Sold2,2082,3300,2
Sold2,2082,3300,2
Sold2,2082,3300,2
Sold2,2082,3300,2
Sold2,2082,3300,2
Sold2,2082,3300,2
Druid2,2009,3300,2
Druid2,2009,3300,2
Druid2,2009,3300,2
Druid2,2009,3300,2
Druid2,2009,3300,2
Druid2,2009,3300,2
Druid2,2009,3300,2
Sold2,2082,3300,2
Sold2,2082,3300,2
Sold2,2082,3300,2
Sold2,2082,3300,2
Sold2,2082,3300,2
Sold2,2082,3300,2
Sold2,2082,3300,2
Sold2,2082,3300,2
Sold2,2082,3300,2
Sold2,2082,3300,2
Sold2,2082,3300,2
Sold2,2082,3300,2
Sold2,2082,3300,2
Sold2,2082,3300,2
Sold2,2082,3300,2
Sold2,2082,3300,2
Sold2,2082,3300,2
Sold2,2082,3300,2
Sold2,2082,3300,2
Sold2,2082,3300,2
Sold2,2082,3300,2
Sold2,2082,3300,2
Sold2,2082,3300,2
Sold2,2082,3300,2
Sold2,2082,3300,2
Sold2,2082,3300,2
Sold2,2082,3300,2
Sold2,2082,3300,2
Sold2,2082,3300,2
Sold2,2082,3300,2
Sold3,2082,6000,3
Sold3,2082,6000,3
Sold3,2082,6000,3
Druid2,1952,3300,2
Sold2,2082,3300,2
Sold2,2082,3300,2
Sold2,2082,3300,2
Sold2,2082,3300,2
Sold2,2082,3300,2
Sold2,2082,3300,2
Sold2,2082,3300,2
Sold2,2082,3300,2
Sold2,2082,3300,2
Sold2,2082,3300,2
Sold2,2082,3300,2
Sold2,2082,3300,2
Sold2,2082,3300,2
Sold2,2082,3300,2
Sold2,2082,3300,2
Sold2,2082,3300,2
Sold2,2082,3300,2
Sold2,2082,3300,2
Sold2,2082,3300,2
Sold2,2082,3300,2
Sold2,2082,3300,2
Sold2,2082,3300,2
Sold2,2082,3300,2
Sold2,2082,3300,2
Sold2,2082,3300,2
Sold2,2082,3300,2
Sold2,2082,3300,2
Sold2,2082,3300,2
Sold2,2082,3300,2
Sold2,2082,3300,2
Sold2,2082,3300,2
Sold2,2082,3300,2
Sold2,2082,3300,2
Sold2,2082,3300,2
Sold2,2082,3300,2
Sold2,2082,3300,2
Sold2,2082,3300,2
Sold2,2082,3300,2
Sold2,2082,3300,2
Sold2,2082,3300,2
Sold2,2082,3300,2
Sold2,2082,3300,2
Sold2,2082,3300,2
Sold2,2082,3300,2
Sold2,2082,3300,2
Sold2,2082,3300,2
Sold2,2082,3300,2
Sold2,2082,3300,2
Sold2,2082,3300,2
Sold2,2082,3300,2
Sold2,2082,3300,2
Sold2,2082,3300,2
Sold2,2082,3300,2
Sold2,2082,3300,2
Sold2,2082,3300,2
Sold2,2082,3300,2
Sold2,2082,3300,2
Sold2,2082,3300,2
Sold2,2082,3300,2
Sold2,2082,3300,2
Sold2,2082,3300,2
Sold2,2082,3300,2
Sold2,2082,3300,2
Sold2,2082,3300,2
Sold2,2082,3300,2
Sold2,2082,3300,2
Sold2,2082,3300,2
Sold3,2082,6000,3
Sold3,2082,6000,3
Sold3,2082,6000,3
Sold3,2082,6000,3
Sold3,2082,6000,3
Druid2,1827,3300,2
Druid2,1827,3300,2
Druid2,1827,3300,2
Sold2,1658,3300,2
Sold2,1658,3300,2
Sold2,1658,3300,2
Sold2,1658,3300,2
Sold2,1658,3300,2
Sold2,1658,3300,2
Sold2,1658,3300,2
Sold2,1658,3300,2
Sold2,1658,3300,2
Sold2,1658,3300,2
Sold2,1658,3300,2
Sold2,1658,3300,2
Sold2,1658,3300,2
Sold2,1658,3300,2
Sold2,1658,3300,2
Sold2,1658,3300,2
Sold2,1658,3300,2
Sold2,1658,3300,2
Sold2,1658,3300,2
Sold2,1658,3300,2
Sold2,1658,3300,2
Sold2,1658,3300,2
Sold2,1658,3300,2
Sold2,1658,3300,2
Sold2,1658,3300,2
Sold2,1658,3300,2
Sold2,1658,3300,2
Sold2,1658,3300,2
Sold2,1658,3300,2
Sold2,1658,3300,2
Sold2,1658,3300,2
Sold2,1658,3300,2
Sold2,1658,3300,2
Sold2,1658,3300,2
Sold2,1658,3300,2
Sold2,1658,3300,2
Sold2,1658,3300,2
Sold2,1658,3300,2
Sold2,1658,3300,2
Sold2,1658,3300,2
Sold2,1658,3300,2
Sold2,1658,3300,2
Sold2,1658,3300,2
Sold2,1658,3300,2
Sold2,1658,3300,2
Sold2,1658,3300,2
Sold2,1658,3300,2
Sold2,1658,3300,2
Sold2,1658,3300,2
Sold2,1658,3300,2
Sold2,1658,3300,2
Sold2,1658,3300,2
Sold2,1658,3300,2
Sold2,1658,3300,2
Sold2,1658,3300,2
Sold2,1658,3300,2
Sold2,1658,3300,2
Sold2,1658,3300,2
Sold2,1658,3300,2
Sold2,1658,3300,2
Sold2,1658,3300,2
Sold2,1658,3300,2
Sold2,1658,3300,2
Sold2,1658,3300,2
Sold2,1658,3300,2
Sold2,1658,3300,2
Sold2,1658,3300,2
Sold2,1658,3300,2
Sold2,1658,3300,2
Sold2,1658,3300,2
Sold2,1658,3300,2
Sold2,1658,3300,2
Sold2,1658,3300,2
Sold2,1658,3300,2
Sold2,1658,3300,2
Sold2,1658,3300,2
Sold2,1658,3300,2
Sold2,1658,3300,2
Sold2,1658,3300,2
Sold2,1658,3300,2
Sold2,1658,3300,2
Sold2,1658,3300,2
Sold2,1658,3300,2
Sold2,1658,3300,2
Sold2,1658,3300,2
Sold2,1658,3300,2
Sold2,1658,3300,2
Sold2,1658,3300,2
Sold2,1658,3300,2
Sold2,1658,3300,2
Sold2,1658,3300,2
Sold2,1658,3300,2
Sold2,1658,3300,2
Sold2,1658,3300,2
Sold2,1658,3300,2
Sold2,1658,3300,2
Sold2,1658,3300,2
Sold2,1658,3300,2
Sold3,1658,6000,3
Sold3,1658,6000,3
Sold3,1658,6000,3
Sold3,1658,6000,3
Sold3,1658,6000,3
Sold3,1658,6000,3
Sold3,1658,6000,3
Druid2,1464,3300,2
Druid2,1464,3300,2
Druid2,1464,3300,2
Druid2,1464,3300,2
Druid2,1464,3300,2
Druid2,1464,3300,2
Druid2,1464,3300,2
Druid2,1464,3300,2
Druid2,1464,3300,2
Sold2,1658,3300,2
Sold2,1658,3300,2
Sold2,1658,3300,2
Sold2,1658,3300,2
Sold2,1658,3300,2
Sold2,1658,3300,2
Sold2,1658,3300,2
Sold2,1658,3300,2
Sold2,1658,3300,2
Sold2,1658,3300,2
Sold2,1658,3300,2
Sold2,1658,3300,2
Sold2,1658,3300,2
Sold2,1658,3300,2
Sold2,1658,3300,2
Sold2,1658,3300,2
Sold2,1658,3300,2
Sold2,1658,3300,2
Sold2,1658,3300,2
Sold2,1658,3300,2
Sold2,1658,3300,2
Sold2,1658,3300,2
Sold2,1658,3300,2
Sold2,1658,3300,2
Sold2,1658,3300,2
Sold2,1658,3300,2
Sold2,1658,3300,2
Sold2,1658,3300,2
Sold2,1658,3300,2
Sold2,1658,3300,2
Sold2,1658,3300,2
Sold2,1658,3300,2
Sold2,1658,3300,2
Sold2,1658,3300,2
Sold2,1658,3300,2
Sold2,1658,3300,2
Sold2,1658,3300,2
Sold2,1658,3300,2
Sold2,1658,3300,2
Sold2,1658,3300,2
Druid2,1396,3300,2
Druid2,1396,3300,2
Druid2,1396,3300,2
Druid2,1396,3300,2
Druid2,1396,3300,2
Druid2,1396,3300,2
Druid2,1396,3300,2
Druid2,1396,3300,2
Druid2,1396,3300,2
Sold2,1658,3300,2
Sold2,1658,3300,2
Sold2,1658,3300,2
Sold2,1658,3300,2
Sold2,1658,3300,2
Sold2,1658,3300,2
Sold2,1658,3300,2
Sold2,1658,3300,2
Sold2,1658,3300,2
Sold2,1658,3300,2
Sold2,1658,3300,2
Sold2,1658,3300,2
Sold2,1658,3300,2
Sold2,1658,3300,2
Sold2,1658,3300,2
Sold2,1658,3300,2
Sold2,1658,3300,2
Sold2,1658,3300,2
Sold2,1658,3300,2
Sold2,1658,3300,2
Sold2,1658,3300,2
Sold2,1658,3300,2
Sold2,1658,3300,2
Sold2,1658,3300,2
Sold2,1658,3300,2
Sold2,1658,3300,2
Sold2,1658,3300,2
Sold2,1658,3300,2
Sold2,1658,3300,2
Sold2,1658,3300,2
Sold2,1658,3300,2
Sold2,1658,3300,2
Sold2,1658,3300,2
Sold2,1658,3300,2
Sold2,1658,3300,2
Sold2,1658,3300,2
Sold2,1658,3300,2
Sold2,1658,3300,2
Sold2,1658,3300,2
Sold2,1658,3300,2
Sold2,1658,3300,2
Sold2,1658,3300,2
Sold2,1658,3300,2
Sold2,1658,3300,2
Sold2,1658,3300,2
Sold2,1658,3300,2
Sold2,1658,3300,2
Sold2,1658,3300,2
Sold2,1658,3300,2
Sold2,1658,3300,2
Sold2,1658,3300,2
Sold2,1658,3300,2
Sold2,1658,3300,2
Sold2,1658,3300,2
Sold2,1658,3300,2
Sold2,1658,3300,2
Sold2,1658,3300,2
Sold2,1658,3300,2
Sold2,1658,3300,2
Sold2,1658,3300,2
Sold2,1658,3300,2
Sold2,1658,3300,2
Sold2,1658,3300,2
Sold2,1658,3300,2
Sold2,1658,3300,2
Sold2,1658,3300,2
Sold3,1658,6000,3
Sold3,1658,6000,3
Sold3,1658,6000,3
Sold3,1658,6000,3
Sold3,1658,6000,3
Sold3,1658,6000,3
Druid2,1305,3300,2
Druid2,1305,3300,2
Sold1,800,1300,1
Sold1,800,1300,1
Sold1,800,1300,1
Sold1,800,1300,1
Sold1,800,1300,1
Sold1,800,1300,1
Sold1,800,1300,1
Sold1,800,1300,1
Sold1,800,1300,1
Sold1,800,1300,1
Sold1,800,1300,1
Sold1,800,1300,1
Sold1,800,1300,1
Sold1,800,1300,1
Sold1,800,1300,1
Sold1,800,1300,1
Sold1,800,1300,1
Sold1,800,1300,1
Sold1,800,1300,1
Sold1,800,1300,1
Sold1,800,1300,1
Sold1,800,1300,1
Sold1,800,1300,1
Sold1,800,1300,1
Sold1,800,1300,1
Sold1,800,1300,1
Sold1,800,1300,1
Sold1,800,1300,1
Sold1,800,1300,1
Sold1,800,1300,1
Sold1,800,1300,1
Sold1,800,1300,1
Sold1,800,1300,1
Sold1,800,1300,1
Sold1,800,1300,1
Sold1,800,1300,1
Sold1,800,1300,1
Sold1,800,1300,1
Sold1,800,1300,1
Sold1,800,1300,1
Sold1,800,1300,1
Sold1,800,1300,1
Sold1,800,1300,1
Sold1,800,1300,1
Sold1,800,1300,1
Sold1,800,1300,1
Sold1,800,1300,1
Sold1,800,1300,1
Sold1,800,1300,1
Sold1,800,1300,1
Sold1,800,1300,1
Sold1,800,1300,1
Sold1,800,1300,1
Sold1,800,1300,1
Sold1,800,1300,1
Sold1,800,1300,1
Sold1,800,1300,1
Sold1,800,1300,1
Sold1,800,1300,1
Sold1,800,1300,1
Sold1,800,1300,1
Sold1,800,1300,1
Sold1,800,1300,1
Sold1,800,1300,1
Sold1,800,1300,1
Sold1,800,1300,1
Sold1,800,1300,1
Sold1,800,1300,1
Sold1,800,1300,1
Sold1,800,1300,1
Sold1,800,1300,1
Sold1,800,1300,1
Sold1,800,1300,1
Sold1,800,1300,1
Sold1,800,1300,1
Sold1,800,1300,1
Sold1,800,1300,1
Sold1,800,1300,1
Sold1,800,1300,1
Sold1,800,1300,1
Sold1,800,1300,1
Sold1,800,1300,1
Sold1,800,1300,1
Sold1,800,1300,1
Sold1,800,1300,1
Sold1,800,1300,1
Sold1,800,1300,1
Sold1,800,1300,1
Sold1,800,1300,1
Sold1,800,1300,1
Sold1,800,1300,1
Sold1,800,1300,1
Sold1,800,1300,1
Sold1,800,1300,1
Sold1,800,1300,1
Sold1,800,1300,1
Sold1,800,1300,1
Sold1,800,1300,1
Sold1,800,1300,1
Sold1,800,1300,1
Sold1,800,1300,1
Sold1,800,1300,1
Sold1,800,1300,1
Sold1,800,1300,1
Sold1,800,1300,1
Sold1,800,1300,1
Sold1,800,1300,1
Sold1,800,1300,1
Sold1,800,1300,1
Sold1,800,1300,1
Sold1,800,1300,1
Sold1,800,1300,1
Sold1,800,1300,1
Sold1,800,1300,1
Sold1,800,1300,1
Sold1,800,1300,1
Sold1,800,1300,1
Sold1,800,1300,1
Sold1,800,1300,1
Sold1,800,1300,1
Sold1,800,1300,1
Sold1,800,1300,1
Sold1,800,1300,1
Sold1,800,1300,1
Sold1,800,1300,1
Sold1,800,1300,1
Sold1,800,1300,1
Sold1,800,1300,1
Sold1,800,1300,1
Sold1,800,1300,1
Sold1,800,1300,1
Sold1,800,1300,1
Sold1,800,1300,1
Sold1,800,1300,1
Sold1,800,1300,1
Sold1,800,1300,1
Sold1,800,1300,1
Sold1,800,1300,1
Sold1,800,1300,1
Sold1,800,1300,1
Sold1,800,1300,1
Sold1,800,1300,1
Sold1,800,1300,1
Sold1,800,1300,1
Sold1,800,1300,1
Sold1,800,1300,1
Sold1,800,1300,1
Sold1,800,1300,1
Sold1,800,1300,1
Sold1,800,1300,1
Sold1,800,1300,1
Sold1,800,1300,1
Sold1,800,1300,1
Sold1,800,1300,1
Sold1,800,1300,1
Sold1,800,1300,1
Sold1,800,1300,1
Sold1,800,1300,1
Sold1,800,1300,1
Sold2,800,3300,2
Sold2,800,3300,2
Sold2,800,3300,2
Sold2,800,3300,2
Sold2,800,3300,2
Sold3,800,6000,3
Sold3,800,6000,3
Sold3,800,6000,3
Sold3,800,6000,3
Sold3,800,6000,3
Sold3,800,6000,3
Sold3,800,6000,3
Sold3,800,6000,3
Sold3,800,6000,3
Sold3,800,6000,3
Sold3,800,6000,3
Sold3,800,6000,3
Sold3,800,6000,3
Sold3,800,6000,3
Sold3,800,6000,3
Sold3,800,6000,3
Sold3,800,6000,3
Sold3,800,6000,3
Sold3,800,6000,3
Sold3,800,6000,3
Sold3,800,6000,3
Sold3,800,6000,3
Sold3,800,6000,3
Druid1,616,1300,1
Druid1,616,1300,1
Druid1,616,1300,1
Druid1,616,1300,1
Druid1,616,1300,1
Druid1,616,1300,1
Druid1,616,1300,1
Druid1,616,1300,1
Druid1,616,1300,1
Druid1,616,1300,1
Sold1,800,1300,1
Sold1,800,1300,1
Sold1,800,1300,1
Sold1,800,1300,1
Sold1,800,1300,1
Sold1,800,1300,1
Sold1,800,1300,1
Sold1,800,1300,1
Sold1,800,1300,1
Sold1,800,1300,1
Sold1,800,1300,1
Sold1,800,1300,1
Sold1,800,1300,1
Sold1,800,1300,1
Sold1,800,1300,1
Sold1,800,1300,1
Sold1,800,1300,1
Sold1,800,1300,1
Sold1,800,1300,1
Sold1,800,1300,1
Sold1,800,1300,1
Sold1,800,1300,1
Sold1,800,1300,1
Sold1,800,1300,1
Sold1,800,1300,1
Sold1,800,1300,1
Sold1,800,1300,1
Sold1,800,1300,1
Sold1,800,1300,1
Sold1,800,1300,1
Sold1,800,1300,1
Sold1,800,1300,1
Sold1,800,1300,1
Sold1,800,1300,1
Sold1,800,1300,1
Sold1,800,1300,1
Sold1,800,1300,1
Sold1,800,1300,1
Sold1,800,1300,1
Sold1,800,1300,1
Sold1,800,1300,1
Sold1,800,1300,1
Sold1,800,1300,1
Sold1,800,1300,1
Sold1,800,1300,1
Sold1,800,1300,1
Sold1,800,1300,1
Sold1,800,1300,1
Sold1,800,1300,1
Sold1,800,1300,1
Sold1,800,1300,1
Sold1,800,1300,1
Sold1,800,1300,1
Sold1,800,1300,1
Sold1,800,1300,1
Sold1,800,1300,1
Sold1,800,1300,1
Sold1,800,1300,1
Sold1,800,1300,1
Sold1,800,1300,1
Sold1,800,1300,1
Sold1,800,1300,1
Sold1,800,1300,1
Sold1,800,1300,1
Sold1,800,1300,1
Sold1,800,1300,1
Sold1,800,1300,1
Sold1,800,1300,1
Sold1,800,1300,1
Sold1,800,1300,1
Sold1,800,1300,1
Sold1,800,1300,1
Sold1,800,1300,1
Sold1,800,1300,1
Sold1,800,1300,1
Sold1,800,1300,1
Sold1,800,1300,1
Sold1,800,1300,1
Sold1,800,1300,1
Sold1,800,1300,1
Sold1,800,1300,1
Sold1,800,1300,1
Sold1,800,1300,1
Sold1,800,1300,1
Sold1,800,1300,1
Sold1,800,1300,1
Sold1,800,1300,1
Sold1,800,1300,1
Sold1,800,1300,1
Sold1,800,1300,1
Sold1,800,1300,1
Sold1,800,1300,1
Sold1,800,1300,1
Sold1,800,1300,1
Sold1,800,1300,1
Sold1,800,1300,1
Sold1,800,1300,1
Sold1,800,1300,1
Sold1,800,1300,1
Sold1,800,1300,1
Sold1,800,1300,1
Sold1,800,1300,1
Sold1,800,1300,1
Sold1,800,1300,1
Sold1,800,1300,1
Sold1,800,1300,1
Sold1,800,1300,1
Sold1,800,1300,1
Sold1,800,1300,1
Sold1,800,1300,1
Sold1,800,1300,1
Sold1,800,1300,1
Sold1,800,1300,1
Sold1,800,1300,1
Sold1,800,1300,1
Sold1,800,1300,1
Sold1,800,1300,1
Sold1,800,1300,1
Sold1,800,1300,1
Sold1,800,1300,1
Sold1,800,1300,1
Sold1,800,1300,1
Sold1,800,1300,1
Sold1,800,1300,1
Sold1,800,1300,1
Sold1,800,1300,1
Sold1,800,1300,1
Sold1,800,1300,1
Sold1,800,1300,1
Sold1,800,1300,1
Sold1,800,1300,1
Sold1,800,1300,1
Sold1,800,1300,1
Sold1,800,1300,1
Sold1,800,1300,1
Sold1,800,1300,1
Sold1,800,1300,1
Sold1,800,1300,1
Sold1,800,1300,1
Sold1,800,1300,1
Sold1,800,1300,1
Sold1,800,1300,1
Sold1,800,1300,1
Sold1,800,1300,1
Sold1,800,1300,1
Sold1,800,1300,1
Sold1,800,1300,1
Sold1,800,1300,1
Sold1,800,1300,1
Sold1,800,1300,1
Sold1,800,1300,1
Sold1,800,1300,1
Sold1,800,1300,1
Sold1,800,1300,1
Sold1,800,1300,1
Sold1,800,1300,1
Sold1,800,1300,1
Sold1,800,1300,1
Sold1,800,1300,1
Sold1,800,1300,1
Sold1,800,1300,1
Sold1,800,1300,1
Sold1,800,1300,1
Sold1,800,1300,1
Sold1,800,1300,1
Sold1,800,1300,1
Sold1,800,1300,1
Sold1,800,1300,1
Sold1,800,1300,1
Sold1,800,1300,1
Sold1,800,1300,1
Sold1,800,1300,1
Sold1,800,1300,1
Sold1,800,1300,1
Sold1,800,1300,1
Sold1,800,1300,1
Sold1,800,1300,1
Sold1,800,1300,1
Sold1,800,1300,1
Sold1,800,1300,1
Sold1,800,1300,1
Sold1,800,1300,1
Sold1,800,1300,1
Sold1,800,1300,1
Sold1,800,1300,1
Sold1,800,1300,1
Sold1,800,1300,1
Sold1,800,1300,1
Sold1,800,1300,1
Sold1,800,1300,1
Sold1,800,1300,1
Sold1,800,1300,1
Sold1,800,1300,1
Sold1,800,1300,1
Sold1,800,1300,1
Sold1,800,1300,1
Sold1,800,1300,1
Sold1,800,1300,1
Sold1,800,1300,1
Sold1,800,1300,1
Sold1,800,1300,1
Sold1,800,1300,1
Sold1,800,1300,1
Sold1,800,1300,1
Sold1,800,1300,1
Sold1,800,1300,1
Sold1,800,1300,1
Sold1,800,1300,1
Sold1,800,1300,1
Sold1,800,1300,1
Sold1,800,1300,1
Sold1,800,1300,1
Sold1,800,1300,1
Sold1,800,1300,1
Sold1,800,1300,1
Sold1,800,1300,1
Sold1,800,1300,1
Sold1,800,1300,1
Sold1,800,1300,1
Sold1,800,1300,1
Sold1,800,1300,1
Sold1,800,1300,1
Sold1,800,1300,1
Sold1,800,1300,1
Sold1,800,1300,1
Sold1,800,1300,1
Sold1,800,1300,1
Sold1,800,1300,1
Sold1,800,1300,1
Sold1,800,1300,1
Sold1,800,1300,1
Sold1,800,1300,1
Sold1,800,1300,1
Sold1,800,1300,1
Sold1,800,1300,1
Sold1,800,1300,1
Sold1,800,1300,1
Sold1,800,1300,1
Sold1,800,1300,1
Sold1,800,1300,1
Sold1,800,1300,1
Sold1,800,1300,1
Sold1,800,1300,1
Sold1,800,1300,1
Sold2,800,3300,2
Sold2,800,3300,2
Sold2,800,3300,2
Sold2,800,3300,2
Sold3,800,6000,3
Sold3,800,6000,3
Sold3,800,6000,3
Sold3,800,6000,3
Sold3,800,6000,3
Sold3,800,6000,3
Sold3,800,6000,3
Sold3,800,6000,3
Sold3,800,6000,3
Sold3,800,6000,3
Sold3,800,6000,3
Sold3,800,6000,3
Sold3,800,6000,3
Sold3,800,6000,3
Sold3,800,6000,3
Sold3,800,6000,3
Sold3,800,6000,3
Sold3,800,6000,3
Druid1,294,1300,1
Druid1,294,1300,1
Druid1,294,1300,1
Druid1,294,1300,1
Druid1,294,1300,1
Druid1,294,1300,1
Druid1,294,1300,1
Druid1,294,1300,1
Druid1,294,1300,1
Druid1,294,1300,1
Druid1,294,1300,1
Druid1,294,1300,1
Druid1,294,1300,1
Druid1,294,1300,1
Druid1,294,1300,1
Druid1,294,1300,1
Druid1,294,1300,1
Druid1,294,1300,1
Druid1,294,1300,1
Druid1,294,1300,1
Druid1,294,1300,1
Druid1,294,1300,1
Druid1,294,1300,1
Druid1,294,1300,1
Druid1,294,1300,1
Druid1,294,1300,1
Druid1,294,1300,1
Druid1,294,1300,1
Druid1,294,1300,1
Druid1,294,1300,1
Druid1,294,1300,1
Druid1,294,1300,1
Druid1,294,1300,1
Druid1,294,1300,1
Sold1,800,1300,1
Sold1,800,1300,1
Sold1,800,1300,1
Sold1,800,1300,1
Sold1,800,1300,1
Sold1,800,1300,1
Sold1,800,1300,1
Sold1,800,1300,1
Sold1,800,1300,1
Sold1,800,1300,1
Sold1,800,1300,1
Sold1,800,1300,1
Sold1,800,1300,1
Sold1,800,1300,1
Sold1,800,1300,1
Sold1,800,1300,1
Sold1,800,1300,1
Sold1,800,1300,1
Sold1,800,1300,1
Sold1,800,1300,1
Sold1,800,1300,1
Sold1,800,1300,1
Sold1,800,1300,1
Sold1,800,1300,1
Sold1,800,1300,1
Sold1,800,1300,1
Sold1,800,1300,1
Sold1,800,1300,1
Sold1,800,1300,1
Sold1,800,1300,1
Sold1,800,1300,1
Sold1,800,1300,1
Sold1,800,1300,1
Sold1,800,1300,1
Sold1,800,1300,1
Sold1,800,1300,1
Sold1,800,1300,1
Sold1,800,1300,1
Sold1,800,1300,1
Sold1,800,1300,1
Sold1,800,1300,1
Sold1,800,1300,1
Sold1,800,1300,1
Sold1,800,1300,1
Sold1,800,1300,1
Sold1,800,1300,1
Sold1,800,1300,1
Sold1,800,1300,1
Sold1,800,1300,1
Sold1,800,1300,1
Sold1,800,1300,1
Sold1,800,1300,1
Sold1,800,1300,1
Sold1,800,1300,1
Sold1,800,1300,1
Sold1,800,1300,1
Sold1,800,1300,1
Sold1,800,1300,1
Sold1,800,1300,1
Sold1,800,1300,1
Sold1,800,1300,1
Sold1,800,1300,1
Sold1,800,1300,1
Sold1,800,1300,1
Sold1,800,1300,1
Sold1,800,1300,1
Sold2,800,3300,2
Sold2,800,3300,2
Sold2,800,3300,2
Sold2,800,3300,2
Sold3,800,6000,3
Sold3,800,6000,3
Sold3,800,6000,3
Sold3,800,6000,3
Sold3,800,6000,3
Sold3,800,6000,3
Sold3,800,6000,3
Sold3,800,6000,3
Sold3,800,6000,3
Sold3,800,6000,3
Sold3,800,6000,3
Druid1,224,1300,1
Druid1,224,1300,1
Druid1,224,1300,1
Druid1,224,1300,1
Druid1,224,1300,1
Druid1,224,1300,1
Druid1,224,1300,1
Druid1,224,1300,1
Druid1,224,1300,1
